<?xml version="1.0" encoding="UTF-8"?>
<beans xmlns="http://www.springframework.org/schema/beans"
	xmlns:xsi="http://www.w3.org/2001/XMLSchema-instance"
	xmlns:context="http://www.springframework.org/schema/context"
	xsi:schemaLocation="http://www.springframework.org/schema/beans http://www.springframework.org/schema/beans/spring-beans.xsd
		http://www.springframework.org/schema/context http://www.springframework.org/schema/context/spring-context-4.3.xsd">

<context:component-scan base-package="com.weixin"/>
<context:property-placeholder location="classpath:db.properties"/>
<bean id="dataSource" class="com.mchange.v2.c3p0.ComboPooledDataSource">
	<property name="driverClass" value="${jdbcDriver}"></property>
	<property name="jdbcUrl" value="${jdbcUrl}"></property>
	<property name="user" value="${user}"></property>
	<property name="password" value="${password}"></property>
</bean>

<!-- sqlsession工厂 -->
<bean id="sqlSessionFactory" class="org.mybatis.spring.SqlSessionFactoryBean">
	<property name="dataSource" ref="dataSource"></property>
	<property name="configLocation" value="classpath:mybatis-config.xml"></property>
	<property name="mapperLocations" value="classpath:mapper/*Mapper.xml"></property>
</bean>
<!-- sqlsesson连接,此类没有 -->
<bean id="sqlSessionTemplate" class="org.mybatis.spring.SqlSessionTemplate">
	<constructor-arg name="sqlSessionFactory" ref="sqlSessionFactory"></constructor-arg>
</bean>
</beans>
